inop;1
inop posit;1
master;2
intak;2
creat;2
bypass;2
inject pump;2
valv control;2
fuel suppli;2
pressur relief;2
vessel have;2
nuclear;2
air-fuel;2
turbul;2
heat exchang;2
drop;2
fluid flow;2
flame retard;2
hydraul control;2
passageway;2
centrifug;2
system intern combust;2
ignit system;2
hydraul system;2
control fluid;2
pressur plate;2
hydraul pressur;2
magnet core;2
injector;2
centrifug forc;2
recircul;2
circul;2
master cylind;2
respons pressur;2
pump chamber;2
exhaust ga;2
shut-off;2
auxiliari;2
pressur ga;2
reactor;2
effici;2
fuel flow;2
flow air;2
fluid such;2
intern combust;2
suction;2
gase;2
spray nozzl;2
second valv;2
fuel;2
differenti pressur;2
fluid contain;2
burn;2
wast materi;2
outlet end;2
venturi;2
hydrostat;2
diesel engin;2
inject;2
pressur air;2
fluid pressur;2
brake pressur;2
flow passag;2
meter;2
engin compris;2
tank have;2
upstream;2
crankshaft;2
accumul;2
turbin;2
stroke;2
inject system;2
second fluid;2
inlet end;2
pressur drop;2
flow direct;2
main frame;2
hot gase;2
throttl valv;2
baffl;2
jet;2
outlet port;2
piston;2
valv element;2
brake shoe;2
air flow;2
pressur differ;2
vessel;2
inflat;2
work fluid;2
well;2
intern;2
outlet;2
conduit;2
spark plug;2
flame;2
fluid;2
nuclear reactor;2
turbin engin;2
spark;2
cylind;2
air-fuel ratio;2
high pressur;2
steam;2
brake;2
nuclear fuel;2
inject mold;2
main;2
exhaust;2
engin fuel;2
inlet;2
piston rod;2
furnac;2
ga turbin engin;2
veloc;2
spray;2
reciproc;2
system intern;2
intern combust engin;2
exhaust gase;2
exchang;2
vacuum;2
nozzl;2
engin oper;2
carburetor;2
relief;2
port;2
heat transfer;2
wast;2
combust gase;2
ga recircul;2
combust engin;2
fuel inject;2
engin;2
voltag drop;2
downstream;2
tank;2
pump;2
valv;2
control valv;2
retard;2
compressor;2
flow;2
core;2
pressur vessel;2
air-fuel mixtur;2
pressur;2
atmospher;2
intak manifold;2
throttl;2
hydraul fluid;2
combust engin have;2
slidabl;2
ga turbin;2
ink;2
fuel ga;2
high effici;2
gasolin;2
liquid fuel;2
burner;2
pneumat;2
ink jet;2
hydraul;2
fuel tank;2
combust chamber;2
orific;2
manifold;2
diesel;2
return;2
reservoir;2
shoe;2
ignit;2
engin have;2
differenti;2
quantiti;2
nervou system;3
central nervou;3
central nervou system;3
nervou;3
swim pool;4
pool;4
swim;4
blood pressur lower;5
regul;5
analog;5
regul gastric antisecretori;5
novel compound;5
pressur lower;5
antisecretori;5
reproductive-cycl;5
labor induct;5
power plant;5
chemic reaction;5
activ materi;5
novel intermedi;5
novel process;5
blood;5
novel method;5
intermedi portion;5
induct;5
growth;5
blood pressur;5
regul gastric;5
pressur regul;5
platelet;5
plant growth;5
abov prostaglandin;5
induct term reproductive-cycl;5
surfac activ agent;5
chemic;5
intermedi use;5
certain;5
antisecretori action;5
pressur lower labor;5
intermedi;5
lower labor;5
term reproductive-cycl;5
reproductive-cycl regul gastric;5
chemic process;5
purpos;5
same pharmacolog;5
aggreg;5
platelet aggreg;5
voltag regul;5
induct term;5
gastric antisecretori action;5
term reproductive-cycl regul;5
activ;5
primari;5
gastric antisecretori;5
pharmacolog purpos;5
labor induct term;5
action;5
novel;5
same pharmacolog purpos;5
novel chemic process;5
term;5
prostaglandin;5
prostaglandin-lik activ;5
blood platelet;5
prostaglandin-lik;5
reproductive-cycl regul;5
gastric;5
prostaglandin analog;5
activ agent;5
novel chemic;5
plant;5
pharmacolog;5
abov;5
structur str1;5
analog signal;5
labor;5
surfac activ;5
lower labor induct;5
print plate;6
print machin;6
print ink;6
print;6
automot vehicl;7
automot;7
thin layer;8
thin sheet;8
thin;8
system employ;9
method employ;9
employ;9
pigment;10
mold composit;10
titanium;10
articl such;10
spin;10
doubl bond;10
fabric;10
ethylen glycol;10
composit use;10
catalyt;10
aromat hydrocarbon;10
crosslink agent;10
acid solut;10
aqueou phase;10
by-product;10
silic;10
organ polyisocyan;10
sand;10
reactiv;10
procedur;10
polymer materi;10
hot water;10
unsatur;10
metal foil;10
degre;10
copolym have;10
composit compris;10
particl;10
metal plate;10
crack;10
problem;10
barrier;10
strong;10
cross-link agent;10
undesir;10
impregn;10
thermostat;10
coeffici;10
molar ratio;10
low level;10
materi have;10
invent concern;10
synthesi;10
applic heat;10
miner oil;10
excess;10
heavi;10
terephthal;10
contain such;10
acryl acid;10
fatti;10
method manufactur;10
dissolv;10
filament;10
synthet fiber;10
low speed;10
surfact;10
low power;10
prepar same;10
foil;10
light-sensit;10
room;10
anim;10
u.s.;10
polyvinyl chlorid;10
such composit;10
ambient air;10
fraction;10
vapor;10
gel;10
sodium chlorid;10
protein;10
flavor;10
hour;10
remain;10
carbonac;10
reduc agent;10
oxygen-contain;10
synthet resin;10
wide varieti;10
carbon monoxid;10
yarn;10
effluent;10
metal compon;10
continu product;10
metal hydroxid;10
product thereof;10
bed;10
suspens system;10
exhibit;10
low temperatur;10
implant;10
dispers;10
techniqu;10
condens product;10
substanti portion;10
cast;10
result mixtur;10
metal have;10
boil point;10
styren;10
alumina;10
particul;10
phosphoru;10
etch;10
hydroxid;10
polyol;10
compat;10
superior;10
catalyst compris;10
compound contain;10
permeabl;10
rare;10
unsatur monom;10
hydrophil;10
life;10
polyurethan foam;10
polyisocyan;10
rare earth;10
resin contain;10
aqueou suspens;10
ad;10
bubbl;10
olefin;10
hot ga;10
synthet;10
ser;10
sea;10
hot melt;10
stainless steel;10
natur;10
steel;10
layer materi;10
varieti;10
degrad;10
carrier materi;10
alkali;10
be present;10
minor;10
mold;10
mole;10
zone;10
precipit;10
puriti;10
cold;10
ratio;10
ship;10
finish;10
metal oxid;10
food;10
rhodium;10
compon have;10
inhibitor;10
fatti acid;10
reinforc;10
ingredi;10
thermal energi;10
give;10
metal tube;10
conduct layer;10
matter;10
cellulos;10
acryl methacryl;10
promot;10
cool water;10
sodium potassium;10
dien;10
skin;10
homopolym;10
compon be;10
deterg composit;10
vinyl;10
water-insolubl;10
plastic contain;10
sinter;10
minor amount;10
improv method;10
transit;10
method make same;10
elastom;10
coal;10
sodium;10
method use;10
phosphat;10
antibacteri agent;10
polyest resin;10
granular;10
volum;10
powder coat;10
homogen;10
monom;10
instant;10
substanti;10
porou;10
center graviti;10
mold machin;10
composit matter;10
u.s. pat;10
properti such;10
palladium;10
catalyt amount;10
medium;10
resin materi;10
present disclosur;10
signific;10
corros resist;10
ambient temperatur;10
poli;10
alkali metal;10
mix chamber;10
ion exchang;10
water contain;10
dicarboxyl acid;10
stoichiometr;10
potassium;10
hydrophob;10
carbonac materi;10
reaction chamber;10
nobl metal;10
miner;10
alkalin earth;10
silicon;10
specif;10
acet acid;10
mechan properti;10
metal materi;10
hot;10
coat metal;10
thermal conduct;10
mani;10
product have;10
higher temperatur;10
liquid level;10
phenol;10
mass;10
reduct;10
room temperatur;10
granular materi;10
composit consist;10
decomposit;10
metal silic;10
fresh;10
result product;10
materi such;10
metal part;10
differ size;10
distil;10
specif graviti;10
oxid catalyst;10
thermal stabil;10
silica;10
low molecular;10
cure agent;10
particular applic;10
reagent;10
solut contain;10
low frequenc;10
minut;10
colloid;10
properti;10
deterg;10
lithium;10
absenc;10
step form;10
low molecular weight;10
optic fiber;10
process produc;10
anhydrid;10
polymer;10
modifi;10
aqueou solut contain;10
anhydr;10
membran;10
method treat;10
molten;10
metal metal;10
iodin;10
moistur;10
corros;10
neutral;10
particl size;10
conduct metal;10
temperatur sensor;10
bond;10
subject;10
make same;10
human;10
deposit;10
oil;10
weight ratio;10
distribut;10
glycol;10
present invent;10
molar;10
molecular weight;10
synthet materi;10
transit metal;10
cool;10
liquid;10
blend;10
neutral posit;10
blow mold;10
reaction product;10
result;10
dyestuff;10
solubl;10
oxygen-contain ga;10
lubric;10
major;10
metal salt;10
coat composit compris;10
vinyl monom;10
aqueou dispers;10
reduc;10
articl;10
manufactur;10
powder;10
treat;10
possess;10
averag;10
volatil;10
liquid medium;10
temperatur;10
earth metal;10
particul matter;10
solid;10
step;10
thermoplast;10
condens;10
carboxyl acid;10
metal;10
water vapor;10
water;10
sodium hydroxid;10
presenc absenc;10
blow;10
rubber;10
layer;10
catalyt composit;10
monom have;10
physic properti;10
binder;10
suffici;10
cure;10
caviti;10
process;10
molecular;10
acid anhydrid;10
recoveri;10
reaction;10
anion;10
product;10
reinforc member;10
unsatur carboxyl;10
foam;10
ethylen;10
resin composit;10
thermal;10
aqueou solut;10
convers;10
methacryl;10
densiti;10
slurri;10
graft;10
filler;10
improv;10
cation;10
stabl;10
dicarboxyl;10
bath;10
pore;10
contain;10
vinyl chlorid;10
instant invent;10
weight;10
collect;10
press;10
high degre;10
molten metal;10
applic ser;10
evapor;10
soften;10
doubl;10
alloy;10
particl have;10
chromium;10
synthet polym;10
strength;10
reaction zone;10
size;10
fine particl;10
concern;10
solid particl;10
media;10
treatment;10
complex;10
textil;10
maleic;10
polymeriz;10
transit temperatur;10
particul materi;10
composit contain;10
twist;10
crosslink;10
higher;10
hydrocarbon;10
ammonium;10
antibacteri;10
invent;10
polyurethan;10
platinum;10
inorgan;10
monoxid;10
aromat;10
graviti;10
polyest;10
alkalin;10
resist;10
have specif;10
good;10
coat composit;10
solvent;10
fine;10
compon;10
medium contain;10
cook;10
melt;10
disclosur;10
screen;10
moistur content;10
alkali metal salt;10
format;10
zirconium;10
total;10
plastic materi;10
ion implant;10
alkalin earth metal;10
polyvinyl;10
vapor phase;10
low;10
stabil;10
dye;10
make;10
applic;10
fill;10
ambient;10
concentr;10
presenc catalyt;10
synthet plastic;10
food product;10
mix;10
aqueou;10
stainless;10
composit;10
mole percent;10
high puriti;10
acet;10
physic;10
stream;10
boil;10
micron;10
presenc;10
present;10
reaction medium;10
glass;10
suspens;10
dri;10
gaseou;10
copolym;10
cross-link;10
record medium;10
polymer composit;10
expans;10
less;10
resin;10
alkali metal hydroxid;10
iron;10
continu cast;10
oxid;10
unsatur carboxyl acid;10
exampl;10
amount;10
copolymeriz;10
adhes;10
react;10
mold caviti;10
calcium;10
fluidiz;10
content;10
aqueou medium;10
excel;10
presenc catalyt amount;10
agent;10
pat;10
chlorid;10
acryl;10
hot air;10
method fabric;10
activ ingredi;10
substanc;10
ion;10
remain portion;10
viscos;10
earth;10
wide;10
nobl;10
aluminum;10
method make;10
fiber;10
copolymer;10
addit;10
percent;10
random access memori;11
random access;11
random;11
access memori;11
travel;12
fit;12
fix;12
connect rod;12
accommod;12
adapt;12
spring-bias;12
type have;12
vehicl bodi;12
extens;12
extent;12
assur;12
chair;12
larg;12
imping;12
patient;12
annular;12
outer end;12
inner end;12
bear assembl;12
vertic support;12
friction;12
pivot;12
fasten mean;12
paper;12
resili member;12
packag;12
margin edg;12
belt;12
protect coat;12
angular posit;12
wall structur;12
trail;12
mechan includ;12
bodi be;12
overal;12
open be;12
top end;12
upper side;12
seal mean;12
bracket;12
extend arm;12
tube have;12
drawn;12
wherebi;12
gun;12
mechan have;12
l-shape;12
connect member;12
radial;12
apparatu apparatu;12
toward;12
handl portion;12
wall be;12
similar;12
compact;12
lock mechan;12
slide;12
plate have;12
distanc;12
axial direct;12
winch;12
rotari motion;12
retain member;12
wheel have;12
roof;12
second posit;12
axial movement;12
elastomer;12
rel movement;12
box;12
extrem;12
top surfac;12
own;12
squar;12
interior;12
seat;12
seam;12
end surfac;12
have hollow;12
outer peripher;12
withdraw;12
manner such;12
annular groov;12
radiu;12
perimet;12
implement;12
pin extend;12
thereaft;12
drive mechan;12
recess;12
clearanc;12
have upper;12
rear end;12
movabl contact;12
first posit;12
drive shaft;12
portabl;12
telescop;12
attract;12
therebetween;12
rotari shaft;12
second portion;12
finger;12
have larg;12
expos;12
parallel side;12
upward movement;12
fasten;12
rod;12
row;12
axial;12
platform;12
portion extend;12
base member;12
interior surfac;12
spacer;12
portion thereof;12
method construct;12
build structur;12
interlock;12
support arm;12
larg diamet;12
rear wheel;12
vertic axi;12
sole;12
notch;12
side-by-sid;12
perpendicular;12
projector;12
rotat posit;12
front surfac;12
oper mechan;12
pipe;12
partit;12
part have;12
rod have;12
annular space;12
spiral;12
wall thick;12
member such;12
wing;12
seal ring;12
compress air;12
lock engag;12
lift;12
end portion;12
resili;12
take;12
abut;12
axe;12
axl;12
frame member;12
surfac portion;12
parallel relationship;12
trail end;12
act;12
coupler;12
relationship;12
element be;12
outsid surfac;12
hollow;12
decor;12
smaller diamet;12
index;12
axi rotat;12
mark;12
steer;12
inner tube;12
drum;12
ball;12
upper surfac;12
disk;12
rel posit;12
forth;12
mount member;12
open posit;12
rais;12
spread;12
element such;12
guid roller;12
first section;12
have open;12
window;12
surfac such;12
half;12
central portion;12
right angl;12
outer peripheri;12
proper posit;12
latch mechan;12
oper mean;12
bias;12
method form;12
direct movement;12
wall surfac;12
foot;12
plunger;12
rear;12
tube extend;12
work surfac;12
user;12
grind;12
rearward end;12
end face;12
run;12
outer edg;12
flexibl materi;12
edg portion;12
upward;12
hollow bodi;12
attach;12
eject;12
mean such;12
path travel;12
cut tool;12
conveyor belt;12
oppos;12
plural such;12
bottom surfac;12
hook;12
hood;12
stop;12
block have;12
anchor;12
support surfac;12
transvers;12
second section;12
arrang such;12
string;12
sheet materi;12
wall form;12
tilt;12
peripher edg;12
angular movement;12
pivot point;12
structur have;12
leg portion;12
margin;12
establish;12
compart;12
secur;12
associ;12
detach;12
clamp;12
bodi such;12
other embodi;12
workpiec;12
protrud;12
shaft extend;12
adjust mechan;12
forward;12
drive assembl;12
cut blade;12
surfac be;12
drive system;12
insert;12
panel;12
vertic movement;12
cone;12
start posit;12
collaps;12
web materi;12
shaft have;12
type includ;12
tool;12
fashion;12
shell;12
rotat movement;12
close end;12
protect;12
have plural;12
spheric;12
cooper;12
ice;12
dispos;12
larg number;12
side surfac;12
hub;12
holder;12
cross section;12
outer wall;12
coaxial;12
lower end;12
front side;12
exterior surfac;12
construct;12
unitari;12
ring member;12
bind;12
vibrat;12
form annular;12
tension;12
lock mean;12
shallow;12
elast;12
align;12
larger diamet;12
trail edg;12
endless belt;12
space therebetween;12
rotari;12
actuat mechan;12
releas mechan;12
peripheri;12
conveni;12
second pair;12
apparatu compris;12
slide movement;12
inner diamet;12
extern;12
constitut;12
strip materi;12
wall extend;12
type wherein;12
penetr;12
lower part;12
display panel;12
retract;12
race;12
rack;12
slit;12
pivot pin;12
bring;12
mount structur;12
hollow cylindr;12
sheath;12
build;12
lower edg;12
lower surfac;12
thick;12
flexibl tube;12
easi;12
aid;12
foldabl;12
portion defin;12
element have;12
appear;12
car;12
cap;12
cam;12
cross-sect configur;12
groov;12
conform;12
open top;12
other end;12
outer diamet;12
control rod;12
push;12
wearer;12
be movabl;12
other part;12
part be;12
tool such;12
surfac area;12
readi;12
be adjust;12
member be;12
oper posit;12
trough;12
skirt;12
center portion;12
open therein;12
tube be;12
weld;12
journal;12
pack;12
inner surfac;12
thereon;12
mine;12
ball bear;12
feed apparatu;12
grind wheel;12
corner;12
grip;12
cabl;12
strip;12
possibl;12
end thereof;12
part;12
peripher;12
stationari;12
movabl;12
socket;12
actuat;12
plug;12
side panel;12
safeti belt;12
swing;12
mount;12
pivot connect;12
feed;12
edg;12
wall;12
cutter;12
collar;12
hole;12
hold;12
element;12
side wall;12
floor;12
have thick;12
cam follow;12
truck;12
slot;12
adjust;12
friction engag;12
stack;12
rotat drum;12
vertic;12
inclin;12
construct have;12
work;12
clamp devic;12
angular;12
area;12
upper end;12
block;12
pinion;12
annular seal;12
permit;12
bar;12
close posit;12
channel;12
elastomer materi;12
movement;12
bodi;12
hing;12
surfac;12
extern surfac;12
vent;12
pin;12
pivot arm;12
panel be;12
circumferenti;12
plastic;12
driven;12
adjac;12
shank;12
axial align;12
lead;12
bias spring;12
roll;12
instal;12
pivot movement;12
pulley;12
have axial;12
small;12
peripheri thereof;12
door;12
simpl;12
barrel;12
project;12
valv bodi;12
lock;12
refract index;12
length;12
jaw;12
web;12
piec;12
axial posit;12
radiu curvatur;12
wheel;12
hand;12
bore;12
ring;12
damag;12
start;12
clamp member;12
mechan;12
dimens;12
safeti;12
close;12
inner peripheri;12
like;12
overlap;12
displac;12
tenni;12
vibratori;12
axial bore;12
shape;12
cut;12
access;12
rearward;12
protect circuit;12
deform;12
screw;12
lever;12
posit;12
later;12
railway;12
larg amount;12
flat;12
flap;12
arrang;12
pivot axi;12
larger;12
opposit end;12
portion;12
relat;12
blade;12
side;12
prevent;12
tube;12
case;12
section;12
interconnect;12
pipelin;12
slide fasten;12
vehicl;12
leg;12
drill;12
allow;12
facilit;12
transport;12
angl;12
coaxial cabl;12
tool holder;12
manner;12
cut edg;12
ground;12
refract;12
downward;12
central;12
front end;12
trailer;12
base;12
stop member;12
elong;12
outer shell;12
thereto;12
drum have;12
therein;12
bear;12
type;12
slide member;12
rigid;12
carri;12
tractor;12
pair;12
curvatur;12
resili materi;12
member have;12
cross-sect;12
mount bracket;12
clamp mean;12
fold;12
back;12
panel have;12
retain;12
defin;12
configur;12
pipe section;12
surround;12
coupl;12
shaft;12
connect;12
caus;12
oppos side;12
forward end;12
blank;12
radial direct;12
cross;12
column;12
wall panel;12
compress;12
drive;12
requir;12
rest;12
support member;12
diamet;12
golf;12
elev;12
linkag;12
face;12
valv member;12
releas;12
latter;12
opposit;12
front panel;12
flang;12
rod extend;12
wire;12
rear portion;12
circular;12
outer;12
rear surfac;12
endless;12
expos surfac;12
longitudin axi;12
concret;12
shoulder;12
valv seat;12
tool have;12
tubular;12
integr;12
cam surfac;12
handl;12
proper;12
strap;12
pipe have;12
top;12
horizont axi;12
embodi;12
exterior;12
assembl;12
clutch;12
place;12
latch;12
disc;12
first portion;12
drill string;12
have annular;12
lift devic;12
smaller;12
arcuat;12
plural;12
roller;12
forward direct;12
right;12
mean;12
plane;12
load;12
conveyor;12
oppos end;12
outsid;12
apertur;12
flexibl;12
machin tool;12
upper;12
push button;12
spindl;12
button;12
front;12
neck;12
joint;12
bias mean;12
rib;12
receiv;12
bolt;12
upright;12
pad;12
further;12
open;12
closur;12
outer surfac;12
gear;12
rectangular;12
bias forc;12
sleev;12
elast materi;12
rail;12
free;12
motion;12
margin portion;12
end cap;12
thread;12
forc act;12
arm;12
rim;12
tab;12
forward portion;12
opposit side;12
protect devic;12
ski;12
hammer;13
impact;13
background the;14
the invent;14
the;14
background;14
circuitri;15
central process;15
have multipl;15
solenoid;15
devic apparatu;15
imag system;15
mirror;15
address;15
disconnect;15
safeti devic;15
resolut;15
unit compris;15
energ;15
control apparatu;15
reson;15
photograph camera;15
revers direct;15
respons chang;15
train;15
solid electrolyt;15
electron music;15
transfer heat;15
tape;15
detect circuit;15
power sourc;15
electrolysi;15
stator;15
deviat;15
bipolar;15
output puls;15
period time;15
support devic;15
direct control;15
tone;15
applianc;15
air pass;15
test;15
devic devic;15
chip;15
multipl;15
magnet flux;15
transfer devic;15
perman magnet;15
commun system;15
audio signal;15
develop;15
circuit compris;15
a.c.;15
decreas;15
time control;15
diod;15
radiat;15
time divis;15
electr motor;15
second electrod;15
camera;15
special;15
timer;15
electr circuit;15
high energi;15
substrat have;15
key;15
gain;15
shunt;15
oper control;15
third;15
posit correspond;15
probe;15
programm;15
characterist;15
microwav;15
analysi;15
display unit;15
electron beam;15
coincid;15
maintain constant;15
predetermin amount;15
threshold;15
magnet field;15
plastic film;15
zero;15
motor control;15
minimum;15
exposur;15
charg;15
optic axi;15
devic compris;15
constant;15
system compris;15
microprocessor;15
second set;15
system use;15
such devic;15
equal;15
first signal;15
success;15
provid output;15
electr connector;15
electrochem cell;15
visibl;15
fourth;15
direct current;15
electr contact;15
reflect surfac;15
inform signal;15
pass filter;15
electr control;15
focus;15
sun;15
sum;15
store;15
line have;15
signal respons;15
long;15
epitaxi;15
compar;15
transmiss system;15
data process;15
sens mean;15
speed control;15
gate circuit;15
electr conductor;15
disabl;15
integr circuit;15
aircraft;15
accur;15
ultrason;15
predetermin distanc;15
wind;15
pattern;15
high power;15
exist;15
data;15
feed devic;15
revers;15
electr current;15
acoust wave;15
frequenc signal;15
electr signal;15
common axi;15
preselect;15
energi collector;15
have seri;15
video;15
switch devic;15
set;15
x-ray tube;15
decod;15
signal gener;15
color televis;15
sens;15
input signal;15
switch arrang;15
laser;15
gener system;15
distort;15
tape cassett;15
reson frequenc;15
latent;15
telephon system;15
solar radiat;15
voltag level;15
reset;15
mobil;15
error signal;15
normal posit;15
latent imag;15
identif;15
real;15
read;15
heater;15
sourc electr;15
anod;15
batteri;15
governor;15
timepiec;15
modul;15
suppli line;15
storag batteri;15
amplitud;15
energi sourc;15
telephon line;15
maximum valu;15
limit;15
heat energi;15
elimin;15
electr switch;15
motor vehicl;15
high speed;15
identifi;15
bandwidth;15
oscil circuit;15
capacit;15
telephon;15
semiconductor devic;15
respons thereto;15
devic have;15
field;15
cell have;15
excit;15
pair electrod;15
system have;15
absorb materi;15
signal correspond;15
selector;15
appropri;15
reproduc;15
voltag sourc;15
sensit;15
video signal;15
process system;15
transmiss line;15
next adjac;15
represent;15
input voltag;15
remot control;15
mo;15
echo;15
electrostat;15
servo;15
power output;15
wound;15
complet;15
logic circuit;15
control signal;15
electr power;15
power gener;15
synchron;15
storag devic;15
differ frequenc;15
cycl;15
pole;15
measur apparatu;15
program;15
design;15
control element;15
magnet record;15
motion pictur;15
waveform;15
readout;15
electrod;15
signal proport;15
flip-flop;15
coher;15
dual;15
record;15
field effect;15
photograph film;15
lumin;15
visual display;15
cassett;15
feedback;15
binari;15
light emit diod;15
drive unit;15
durat;15
alarm system;15
electr discharg;15
delay;15
recept;15
variabl;15
accuraci;15
nois;15
circuit respons;15
close loop;15
control system;15
incom;15
waveguid;15
rectifi;15
plural differ;15
display system;15
transmit;15
clock signal;15
circuit oper;15
conjunct;15
center line;15
respons signal;15
oscil;15
circuit arrang;15
dielectr;15
numer;15
loop;15
predetermin;15
electrod have;15
detector;15
data signal;15
light sensit;15
digit signal;15
high level;15
regist;15
interv;15
sensor;15
multiplex;15
common;15
gap;15
coil;15
dielectr materi;15
power;15
charact;15
rang;15
data process system;15
select;15
storag;15
oscil frequenc;15
sourc;15
music instrument;15
array;15
duti;15
divid;15
divis;15
differ;15
desir;15
x-ray;15
real time;15
devic;15
digit;15
unit;15
object;15
second signal;15
player;15
measur;15
time;15
prefer;15
optic waveguid;15
color;15
input;15
transpar;15
bu;15
word;15
indic;15
order;15
provid;15
phase;15
use conjunct;15
crystal;15
transduc;15
absorpt;15
time period;15
gate electrod;15
remot;15
imag;15
reel;15
cell;15
recharg;15
enabl;15
effect;15
substrat;15
correct;15
track;15
capacitor;15
gate;15
memori;15
conductor;15
electr field;15
shift regist;15
pressur sensit;15
time delay;15
normal;15
view;15
music;15
playback;15
laser beam;15
intens;15
torqu;15
televis;15
shutter;15
central process unit;15
puls;15
pass;15
clock;15
transmit signal;15
sampl;15
next;15
termin;15
electrolyt cell;15
audio;15
proport;15
electron timepiec;15
logic circuitri;15
subscrib;15
electrod be;15
maximum;15
station;15
wave;15
convert;15
discharg;15
display;15
sever;15
monitor;15
sound;15
electrolyt;15
modul signal;15
sequenc;15
pictur;15
mask;15
first second;15
filter;15
cathod;15
test apparatu;15
singl;15
level;15
inform;15
individu;15
turn;15
pole piec;15
state;15
magnitud;15
short;15
determin;15
locat;15
local;15
transfer;15
error;15
vari;15
semiconductor;15
instruct;15
respons;15
constant current;15
width;15
call;15
visual;15
effect transistor;15
number;15
electron music instrument;15
line;15
puls train;15
electromagnet;15
code;15
have variabl;15
len;15
tape record;15
command;15
count;15
predetermin period;15
accord;15
secondari wind;15
speed;15
antenna;15
polar;15
current limit;15
optic;15
process unit;15
signal;15
mode;15
photograph;15
absorb;15
neg;15
keyboard;15
collector;15
sens circuit;15
calcul;15
emit diod;15
drain;15
threshold voltag;15
televis camera;15
increas;15
acoust;15
reproduc apparatu;15
origin;15
detect;15
region;15
circuit;15
due;15
solar energi;15
transistor;15
automat;15
logic;15
exposur control;15
refer;15
amplifi;15
dielectr layer;15
scan;15
solar energi collector;15
constant pressur;15
counter;15
control circuit;15
correspond;15
perform;15
comput;15
emit;15
transmiss;15
uniform;15
beam;15
delay line;15
alarm;15
data transmiss;15
high voltag;15
diaphragm;15
primari wind;15
depend;15
shift;15
connector;15
shield;15
secondari;15
output signal;15
electromagnet radiat;15
film;15
variat;15
transform;15
energi;15
flux;15
greater;15
electr;15
depress;15
light emit;15
insul;15
seri;15
interfac;15
potenti;15
sens devic;15
digit data;15
light;15
compens;15
predetermin time;15
instrument;15
predetermin number;15
predetermin period time;15
copi;15
photosensit;15
sens element;15
incid;15
variabl speed;15
network;15
abstract;15
gener;15
write;15
reflect;15
electrochem;15
duti cycl;15
comparison;15
processor;15
detector circuit;15
toner;15
modular;15
first set;15
transmitt;15
repres;15
control;15
need;15
rotor;15
camera have;15
magnet tape;15
phonograph;15
switch;15
initi;15
particular;15
field effect transistor;15
perman;15
altern;15
appli;15
bit;15
maintain;15
junction;15
time interv;15
resistor;15
encod;15
solar;15
ultraviolet;15
flash;15
advanc;15
arc;15
motor;15
serial;15
control circuitri;15
nitrogen atom;16
cycloaliphat;16
acid addit;16
chain;16
alkyl have;16
alkoxi group;16
r.sub.2 hydrogen;16
addit salt thereof;16
r.sup.1;16
r.sup.3;16
r.sup.2;16
r.sup.5;16
r.sup.4;16
r.sup.6;16
structur formula str1;16
contain carbon;16
lower alkyl;16
r.sub.2 r.sub.3;16
alkyl carbon atom;16
alkoxi;16
ester group;16
aliphat;16
lower alkyl group;16
fungicid;16
pharmaceut composit;16
group carbon atom;16
prepar react;16
alkylen;16
hydroxyalkyl;16
sulfon;16
cyano;16
group carbon;16
halid;16
cyclic;16
non-tox;16
herbicid;16
amid;16
nucleu;16
radic have;16
group have;16
str4;16
function group;16
hydrogen sulfid;16
haloalkyl;16
str2 wherein;16
silver;16
acid addit salt;16
halid emuls;16
heterocycl group;16
accept;16
gener formula;16
r.sup.1 hydrogen;16
acyl;16
group consist;16
deriv have;16
nitrogen;16
halo;16
sulfur;16
r.sup.1 r.sup.2;16
metal halid;16
contain carbon atom;16
aliphat hydrocarbon;16
ch.sub.2 ch.sub.2;16
sulfon acid;16
ethyl;16
substitu;16
inclus;16
so.sub.2;16
mono-;16
monoval;16
halogen nitro;16
alkylen group;16
r.sub.1 r.sub.2;16
methoxi;16
salt thereof;16
formula str3;16
formula str2;16
valuabl;16
second group;16
nitrogen oxid;16
bromin;16
alkyl cycloalkyl;16
follow formula str1;16
cycloalkyl;16
halogen alkyl;16
r.sup.3 hydrogen;16
sulfur dioxid;16
amino;16
dialkylamino;16
acid salt;16
hydrogen chlorin;16
insecticid;16
aqueou emuls;16
oxygen sulfur;16
aliphat cycloaliphat;16
alkylthio;16
methylen;16
hydrogen halogen;16
.sub.n;16
hydrocarbon group;16
1-4;16
tungsten;16
amino group;16
group metal;16
pharmaceut composit contain;16
deriv;16
have carbon;16
nitro;16
ch.sub.2;16
gener formula str1;16
same differ;16
nickel;16
formula;16
salt;16
atom;16
accept acid;16
oxygen;16
methyl ethyl;16
hydrogen alkyl;16
hydroxyl;16
heterocycl;16
carboxyl;16
hydrogen lower;16
sulfid;16
accept acid addit;16
herbicid composit;16
emuls;16
alkenyl;16
lower alkoxi;16
halogen;16
str1 wherein;16
cobalt;16
group have carbon;16
pharmaceut;16
follow gener formula;16
hydrogen methyl;16
sprocket;16
structur formula;16
group;16
amin;16
r.sub.1 r.sub.2 r.sub.3;16
integ;16
alkyl group;16
alkyl carbon;16
phenyl;16
silver halid;16
alcohol;16
residu;16
group consist alkyl;16
hydrogen alkyl carbon;16
hydroxi;16
trifluoromethyl;16
aryl;16
link;16
follow;16
amino acid;16
carbon atom;16
alkyl;16
heterocycl ring;16
ester;16
r.sub.5;16
molybdenum;16
group consist hydrogen;16
r.sub.1 hydrogen;16
new;16
1-4 carbon;16
str3;16
formula str1 wherein;16
benzyl;16
silver halid emuls;16
hydrogen lower alkyl;16
methyl;16
halogen atom;16
side chain;16
str2;16
str1;16
fluorin;16
alkyl group have;16
wherein r.sub.1 r.sub.2;16
copper;16
substitut;16
aralkyl;16
hydrogen atom;16
radic;16
dioxid;16
addit salt;16
have carbon atom;16
consist hydrogen;16
formula str1;16
accept salt thereof;16
follow gener;16
follow formula;16
accept salt;16
str1 wherein r.sup.1;16
formula str2 wherein;16
r.sup.2 hydrogen;16
r.sub.3;16
r.sub.2;16
r.sub.4;16
r.sub.3 hydrogen;16
chlorin;16
consist alkyl;16
sulfat;16
r.sub.1;16
wherein r.sub.1;16
wherein r.sup.1;16
alkyl alkoxi;16
chlorin bromin;16
str1 wherein r.sub.1;16
sulfur acid;16
game board;17
board;17
game;17
rotat therewith;18
contact therewith;18
therewith;18
needl;19
knit machin;19
sew;19
stitch;19
knit;19
sew machin;19
univers joint;20
univers;20
ray tube;21
cathod ray tube;21
ray;21
cathod ray;21
acut angl;22
acut;22
close proxim;23
proxim;23
entir length;24
entir;24
